shoe_name,url,positive_text,negative_text
New Balance 9060,https://runrepeat.com/new-balance-9060,"comfortable and cushioned for all-day wear; premium materials and craftsmanship; stable platform with strong grip; good for fashion-minded buyers who want a chunky, running-inspired New Balance","limited color options, can squeak, and can run warm; not ideal if you want a squeak-free, highly breathable sneaker"
Nike V2K Run,https://runrepeat.com/nike-v2k-run,"cushioned, lively, and supportive for all-day wear; breathable summer upper; lightweight with reliable grip; great for retro-Y2K fans who want a sporty, more affordable alternative to the Vomero 5",limited men's sizing and colors plus a tapered toebox; not ideal if you need more toe room or broader men's availability
New Balance 1000,https://runrepeat.com/new-balance-1000,"very comfortable for all-day wear with soft protective cushioning; breathable, lightweight, stable, and stylish with real suede; good for buyers who want a trendy retro shoe for long hours on foot",mesh components are a bit fragile and the tongue can feel too long; not ideal if you want a tougher upper or a cheaper similar retro option
ASICS Gel 1130,https://runrepeat.com/asics-gel-1130,"comfortable all-day wear with a stable platform; supportive foothold, strong grip, roomy big-toe area, and top-notch materials/craftsmanship; good for people who want a stylish stability sneaker with modern comfort","the leather version lacks breathability and the shoe feels quite stiff; not ideal for hot-summer wear or buyers who want a softer, airier option"
Nike Zoom Vomero 5,https://runrepeat.com/nike-zoom-vomero-5,"nostalgic 2000s style; excellent breathability for summer; cushioned like a running shoe; comfy, flexible, and lighter than average; good for people wanting an exceptionally breathable, all-day retro runner-inspired sneaker","mesh is easy to tear, can be slippery on wet surfaces, and is pricey; not ideal for flat feet/overpronation or buyers on a budget"
Nike Initiator,https://runrepeat.com/nike-initiator,"great impact protection for long days; fairly stable and supportive, lightweight, durable, breathable, and grippy; good for buyers wanting an affordable retro running look for errands and casual wear",not suitable for actual running and can run small; wide-footed buyers may want something roomier
ASICS Gel Kayano 14,https://runrepeat.com/asics-gel-kayano-14,trendy Y2K retro-futuristic style; breathable and lightweight for long walks; stable and comfortable with GEL cushioning; great for people who want a fashionable sporty shoe that can handle hours around town,not the most durable and not very affordable; not ideal if you want a shoe to wear down for ages
New Balance 530,https://runrepeat.com/new-balance-530,"incredibly breathable, lightweight, and comfortable with a protective midsole; great value, many colorways, and a classic chunky retro vibe; ideal for budget-conscious buyers who want a breathable summer sneaker",upper durability is a weak spot and it is not great for cold weather; not ideal if you need a hard-wearing winter sneaker
Nike Dunk Low,https://runrepeat.com/nike-dunk-low,"retro basketball aesthetics; real leather/suede upper; excellent durability for the price; stable, supportive, surprisingly flexible, and true to size; good for skaters or buyers who want a durable classic","needs breaking in, has a firm rigid sole, and is not for all-day wear"
Air Jordan 1 Low,https://runrepeat.com/air-jordan-1-low,iconic history and timeless profile; well-made and highly durable; works as a wardrobe staple for hours on city streets; slightly lighter than AF1 and offers better cushioning than Dunk Low,"poor breathability, thick unforgiving leather, and a narrower tapered profile; not ideal for wide feet or hot summer wear"
Adidas Forum Low,https://runrepeat.com/adidas-forum-low,low-to-the-ground and stable with a roomy fit up front; good for buyers who want a classic basketball-inspired Adidas with strong ground feel,heavier than usual and not the cushiest option
Adidas Campus 00S,https://runrepeat.com/adidas-campus-00s,"extremely padded tongue and collar; soft leather upper; comfortable fit, strong traction, and stylish old-school vibes; good for casual outfits and long easy walks",slightly heavier than usual with a firm unresponsive midsole and harder-to-clean upper
Nike Air Force 1 07 LV8,https://runrepeat.com/nike-air-force-1-07-lv8,comfortable Air cushioning with elevated height; suitable for all-day wear with strong impact protection; stylish AF1 look for buyers who specifically want the taller platform,"narrower than the original AF1, duller underfoot, and much less durable at the outsole/heel; not ideal if you want the better-value, softer, and tougher original AF1 07"
Nike Air Max DN,https://runrepeat.com/nike-air-max-dn,"balanced retro-futuristic design; high-quality durable materials; pretty lightweight; visible Dynamic Air unit adds comfort, height, and standout style; good as an all-round fashionable Air Max",hard to find because of popularity; not ideal if you need an easy-to-buy option right away
Nike Air Force 1 07,https://runrepeat.com/nike-air-force-1-07,clean leather profile that styles with almost anything; quality and longevity at a reasonable price; iconic low-key sneaker with solid cushioning and durable enough build,"not the roomiest or easiest shoe to get on/off, and outsole durability is only average; less ideal if you want a softer or more spacious AF1 experience"
New Balance 1906R,https://runrepeat.com/new-balance-1906r,"stable, protective, and supportive with strong old-school dad-shoe style; good all-day option for buyers who want arch support and a retro New Balance vibe",low-rebound ride and a heavier/clunkier feel; not ideal if you want a lighter shoe or a cheaper similar alternative like the 2002R/530
New Balance 327,https://runrepeat.com/new-balance-327,"classic-yet-contemporary style; lasting comfort, superb ventilation, and strong grip; excellent summer shoe and good value for buyers who want an easy retro casual sneaker",snug fit and not roomy enough for broad feet
New Balance 550,https://runrepeat.com/new-balance-550,"throwback basketball style with easy-to-maintain leather upper; versatile for casual wear, reasonably priced, and comfortable enough for stylish everyday use; strong grip on wet and dry streets",firm midsole and limited breathability; not ideal if you want soft cushioning or a plush ride
Reebok Classic Leather,https://runrepeat.com/reebok-classic-leather,iconic retro style; comfy with excellent cushioning; affordable and easy to style; good for casual walks and neutral everyday outfits,"downgraded upper, dirt-magnet finish, and unimpressive durability; not ideal if you want an easy-to-clean or tougher shoe"
New Balance 2002R,https://runrepeat.com/new-balance-2002r,"fantastic retro dad-shoe style with modern tech; stable, surefooted, and protective with good arch support; ideal for buyers who want an old-school New Balance that can stay comfortable all day","firm, solid ride rather than plush; not ideal if you want a soft cloud-like underfoot feel"
Nike Killshot 2,https://runrepeat.com/nike-killshot-2,incredibly versatile style; comfortable for hours walking around town; lightweight on foot and wallet; high-quality durable materials without feeling budget,"creases early, is not breathable, and has a slippery gum sole; not ideal for wide feet or big toes because the fit is narrow"
Nike Court Legacy,https://runrepeat.com/nike-court-legacy,"clean, minimalist, versatile style; lightweight and comfortable for errands and casual wear; very affordable",narrow toebox with no arch support and almost no cushioning; not ideal if you have foot conditions or need underfoot support
Converse Run Star Trainer,https://runrepeat.com/converse-run-star-trainer,high-quality build with authentic suede and durable upper; really flexible and lightweight; trendy 90s retro style; good cheaper alternative to the Samba,not for wide feet and not the best for all-day wear
Reebok Club C 85 Vintage,https://runrepeat.com/reebok-club-c-85-vintage,"classic vintage tennis style that works with many outfits; reliable comfort, superb fit, lightweight feel, and affordable pricing; great for buyers who want a stylish low-top retro Reebok",not cushioned enough for all-day standing/walking and the upper creases over time; heel padding durability is weak
Adidas Samba,https://runrepeat.com/adidas-samba,iconic minimalist indoor-soccer style with strong energy return and everyday versatility; great for buyers who want a classic low-profile sneaker,"very little cushioning for long hours, limited color choices, and a somewhat snug fit"
PUMA Palermo,https://runrepeat.com/puma-palermo,"stable, low-to-the-ground retro terrace style with firm planted feel; good for buyers prioritizing style and stability over plush comfort","thin, firm midsole with below-average cushioning; not ideal if comfort for a full day of walking is your top priority"
Adidas Samba OG,https://runrepeat.com/adidas-samba-og,"premium genuine materials; long-lasting, lightweight, flexible, and comfortable for all-day wear; lots of ground feel and iconic 90s style; great all-rounder","slightly narrow, lacks arch support, and the gum outsole can be slippery"
Nike Air Max 90,https://runrepeat.com/nike-air-max-90,"comfortable and breathable for long summer walks; fairly durable, easy to clean, and reasonably priced for a legendary Air Max; great for buyers who want classic style with everyday wearability",materials are not very authentic and the fit can feel cramped for wide feet or bigger toes
Nike Air Max 95,https://runrepeat.com/nike-air-max-95,"trendy 2000s look; wonderful lock-in feel; quite comfortable; super durable and breathable with authentic leather and good grip; good for buyers wanting a confident, supportive statement sneaker","heavy, needs break-in, not ideal for all-day wear, and has an excessively tapered toebox"
Nike Air Max 1,https://runrepeat.com/nike-air-max-1,"responsive Air Max cushioning, comfortable for all-day wear, supportive construction, durable build, true-to-size fit, and good grip; great for buyers who want an iconic classic that is still wearable for long hours","lacks breathability, has a stiff platform, and uses cheaper fake leather/suede materials; not ideal if you want airy uppers, softness, or premium materials"
New Balance 580,https://runrepeat.com/new-balance-580,"luxuriously comfortable with cushioned landings; very breathable, stable, and supportive; premium finish and versatile enough for casual wear plus light fitness use",not for wide feet and the color retention is subpar
ASICS GT 2160,https://runrepeat.com/asics-gt-2160,"breathable, flexible, and lightweight; comfortable all day with a stable supportive structure and retro runner vibe; good for buyers who want fashion plus function",mesh upper and inner lining are fragile; not ideal if you want something tougher and lower-maintenance
Vans Slip-On,https://runrepeat.com/vans-slip-on,"extremely comfortable, easy on and off, timeless style, durable, versatile, and budget-friendly; reliable for quick strolls and casual wear","poor ventilation, stiff at first, and narrow/low-volume fit; not ideal for broad feet or sockless hot-weather wear"
Nike SB Force 58,https://runrepeat.com/nike-sb-force-58,"amazingly grippy outsole with great board feel; padded, flexible, durable, and lightweight; stylish and very affordable; great for skating or buyers who want a grounded, stable casual shoe","requires break-in, not very breathable, not cushy underfoot, and lacks grip on wet surfaces"
Vans Knu Skool,https://runrepeat.com/vans-knu-skool,late-90s skater vibes; impressive durability for the price; surprisingly breathable; cozy padded interiors and flexible feel,"not for all-day wear, a bit heavy, non-removable insole, and slippery on wet smooth surfaces"
ASICS Gel NYC,https://runrepeat.com/asics-gel-nyc,"breathable, very comfortable, and supportive with stable retro-runner underfoot feel, GEL cushioning, and reliable wet-surface grip; good for people who want a stylish everyday ASICS that can handle long city walks",durability is not the shoe's strong suit and it's not meant for actual running; not ideal if you want a hard-wearing beater or a sneaker for workouts
Adidas SL 72,https://runrepeat.com/adidas-sl-72,"lightweight, flexible, affordable, and full of vintage track style with quality suede and durable jagged outsole; good for buyers who want a slim retro sneaker with strong fashion appeal","lacks arch support and stability, runs narrow, gets warm, and can be slippery on wet ground; not ideal for wide feet or all-day comfort needs"
VEJA Campo,https://runrepeat.com/veja-campo,"premium leather build, clean minimalist styling, strong durability, stable low-to-ground ride, and very good grip; good for people who want a polished sustainable leather sneaker","price is high, the tongue can chafe, and comfort falls short for full-day wear; not ideal if you want a softer or more budget-friendly everyday shoe"
Nike P-6000,https://runrepeat.com/nike-p-6000,trendy Y2K retro-futuristic look; durable yet very breathable materials; strong summer option for buyers who want Nike running heritage style,no strong verified downside captured from snippet
Nike Shox R4,https://runrepeat.com/nike-shox-r4,"fun bouncy Shox ride, great stability, durable build, reflective details, and standout retro-futuristic style; good for people who want a bold nostalgic Nike with extra structure and height","heavy, warm, and expensive; not ideal if you want a lightweight breathable sneaker or the best value"
Nike Shox TL,https://runrepeat.com/nike-shox-tl,"comfortable enough for casual wear with a bouncy ride, decent breathability, good stability, reflective details, and eye-catching futuristic style; good for sneakerheads who want a flashy tech-heavy Nike","price is steep, weight is on the high side, and the look is polarizing; not ideal if you want something subtle, cheap, or especially light"
Skechers Uno - Stand On Air,https://runrepeat.com/skechers-uno-stand-on-air,"plush Skech-Air cushioning, comfortable memory-foam step-in feel, stable height boost, lots of color options, and strong value; good for people who want an affordable cushioned walking sneaker with extra lift","breathability is poor, heel-to-toe drop is high, and vertical toe space is limited; not ideal for hot weather or buyers who prefer a flatter more natural-feeling shoe"
VEJA Volley,https://runrepeat.com/veja-volley,"high-quality materials, durable classic construction, and a grounded old-school look that works for daily casual wear; good for people who want a stylish low-profile leather sneaker and do not need much cushioning",breathability is poor and the minimal underfoot setup is not built for plush all-day comfort; not ideal if you want a soft airy sneaker
Converse Run Star Hike,https://runrepeat.com/converse-run-star-hike,"trendy modernized Converse style, comfortable OrthoLite insole, roomy toebox, durable build, and a confidence-boosting platform; good for people who want a statement sneaker with extra height","extremely heavy, can be slippery on wet surfaces, and may squeak; not ideal if you want a light low-profile everyday shoe"
Jordan Spizike Low,https://runrepeat.com/jordan-spizike-low,"comfortable dual-Air cushioning, real leather details, bold colorways, and standout mashup Jordan style; good for buyers who want an eye-catching retro Jordan with lots of personality","heavy, stiff at first, and not very durable; not ideal if you want a lightweight sneaker or one built to take daily abuse"
Nike Dunk High,https://runrepeat.com/nike-dunk-high,iconic high-top retro basketball look; comfortable for casual walking; top-quality durable materials; great if you want a vintage Nike statement shoe that lasts,no strong verified downside captured from snippet
Jordan True Flight,https://runrepeat.com/jordan-true-flight,"incredibly comfortable with great ankle support, roomy true-to-size fit, durable materials, strong traction, and classic hooper aesthetics; good for people who want a supportive retro-looking high-top","heavy, needs break-in, and is not the best choice for serious basketball performance; not ideal if you dislike stiff bulky high-tops"
New Balance 997H,https://runrepeat.com/new-balance-997h,moderate cushioning and enough support for a few hours of walking; solid budget-friendly retro New Balance option,not breathable and only moderately cushioned; not ideal for sweaty feet or buyers wanting a summer sneaker
New Balance 740,https://runrepeat.com/new-balance-740,"great value; lighter than average with impressive durability, strong impact protection, decent stability, flexibility, reliable grip, and true-to-size fit; good everyday retro sneaker",not as breathable as it looks and not especially cushy; not ideal if you want plush comfort or extra support
New Balance 998,https://runrepeat.com/new-balance-998,"thick ABZORB cushioning with a soft comfortable ride; good for walking around town, errands, and casual social wear with premium retro NB appeal",not populated from snippet beyond general tradeoffs; likely less ideal if you want a cheaper option given its premium pricing
New Balance 57/40,https://runrepeat.com/new-balance-5740,"cushioned and supportive for all-day wear; very wide stable platform; nice suede quality, high durability, and decent breathability; good for buyers who want a chunky 574-inspired shoe",stiffer than average and lacks the promised reflectivity
Converse Chuck 70 High Top,https://runrepeat.com/converse-chuck-70-high,"iconic versatile design, durable build, flexible ride, good grip, and more comfort than a standard Chuck; good for people who want a timeless high-top that works with almost any outfit","breathability is weak, arch support is poor, and the fit runs narrow; not ideal for prolonged all-day wear or wide feet"
Converse Chuck 70 Low Top,https://runrepeat.com/converse-chuck-70-low,"eternally stylish low-top silhouette with durable build, grounded flexibility, and a more comfortable feel than the standard Chuck; good for people who want a classic minimalist sneaker that pairs with anything","poor breathability, narrow fit, and limited support for long days on foot; not ideal for hot weather or buyers who need plush cushioning"
Adidas Gazelle,https://runrepeat.com/adidas-gazelle,"timeless terrace style, real suede, flexible feel, many colorways, and good value with a secure foothold; good for people who want a sleek classic Adidas for casual outfits","breathability is poor, the tongue can squeak or feel rough, and comfort is not built for all-day wear; not ideal if you need an airy cushioned daily walker"
New Balance 574,https://runrepeat.com/new-balance-574,"classic New Balance look, stable supportive platform, real suede, strong durability, lots of colors, and grip that works well indoors or out; good for people who want a budget-friendly retro all-day casual shoe","breathability is limited, the ride feels firm and a bit stiff, and the tongue can shift around; not ideal if you want a soft airy sneaker"
New Balance 237,https://runrepeat.com/new-balance-237,simple versatile 70s-inspired style in many colorways; compliment-friendly look with decent comfort and budget appeal,firm rather than plush and not great in rain; not ideal if you want a soft fluffy all-day shoe
Adidas Ozweego,https://runrepeat.com/adidas-ozweego,"very comfortable, lightweight for the look, stable, wide-foot friendly, and easy to wear all day with strong retro appeal; good for people who want a chunky 90s-style sneaker on a budget",materials feel cheaper than they look and breathability is only average; not ideal if you want premium build quality or a very airy shoe
Nike Air Max 97,https://runrepeat.com/nike-air-max-97,"iconic full-length Air Max style with comfortable cushioning, durable construction, and versatile sporty looks; good for people who want a classic fashion-first Nike that still feels supportive for everyday wear",the platform can feel stiff at first and the layered upper stains easily and is harder to clean; not ideal if you want a low-maintenance or instantly flexible sneaker
Air Jordan 1 Mid,https://runrepeat.com/air-jordan-1-mid,"iconic Jordan style, stable grounded ride, real leather, secure fit, and strong ankle support with lots of colorways; good for people who want a versatile retro basketball-inspired sneaker for cooler weather","heavy, warm, and prone to creasing; not ideal for summer or buyers who want a lightweight shoe"
Nike Ava Rover,https://runrepeat.com/nike-ava-rover,"soft cozy cushioning with a very bouncy ReactX ride, great grip, roomy fit, flexibility, breathability, and surprisingly low weight; good for people who want a modern comfy Nike for long casual days",outsole durability is a concern and arch support is limited; not ideal if you need a more structured shoe or want something built for heavy abuse
Nike Court Vision Low,https://runrepeat.com/nike-court-vision-low,"clean easy-to-style design, decent comfort, durable materials, strong breathability, and a wallet-friendly price; good for people who want a simple leather-look Nike for casual outfits and warm weather","creases easily, the gum sole can get slippery, and comfort drops off on long walks; not ideal for all-day standing or lots of walking"
New Balance 990 v6,https://runrepeat.com/new-balance-990-v6,"lighter than expected; real suede and quality materials; thick cushioning for all-day wear; exceptional arch support, stability, breathability, and outsole durability; available in many widths","delicate toebox mesh, somewhat stiff, and the heel-to-toe drop may feel high for some wearers"
Jordan 6 Rings,https://runrepeat.com/jordan-6-rings,"springy Zoom Air cushioning, excellent stability, durable materials, secure containment, strong grip, and lots of Jordan heritage details; good for fans who want a bold supportive retro Jordan","stiff, not breathable, and not comfortable enough for full-day wear; not ideal if you want a flexible airy sneaker or zero break-in"
Adidas Busenitz,https://runrepeat.com/adidas-busenitz,"incredibly durable, very grippy, true to size, and excellent for responsive skating; classic silhouette that is easy to clean and fairly weatherproof","long break-in period, narrow toe box, oversized tongue may bother some people, and not very breathable"
ASICS Gel Lyte III,https://runrepeat.com/asics-gel-lyte-iii,iconic ASICS retro style and lightweight feel; good choice if you want a classic casual sneaker and do not need a super stable platform,narrow platform and not-so-stiff base can hurt overall stability; not ideal if you want a very confidence-inspiring ride
Nike Air Max Excee,https://runrepeat.com/nike-air-max-excee,"comfortable underfoot, true to size, visually striking, and cheaper than many Air Max models with lots of color options; good for buyers who want the Air Max look without paying top-tier Air Max prices","the shoe is stiff, airflow is poor, and durability is below average; not ideal for hot weather or buyers who prioritize long-term toughness"
PUMA RS-X,https://runrepeat.com/puma-rs-x,"retro charm with many vivid colorways; very comfortable step-in feel; cushioned enough for all-day wear; breathable, stable, durable, and reasonably priced",heavy and has a stiff forefoot; not ideal if you want a lighter chunky sneaker
Nike Full Force Low,https://runrepeat.com/nike-full-force-low,"comfortable and durable for the price; very stable with real leather, low grounded platform, and retro hooper style; good for buyers who want an affordable Dunk/AF1-like look","heavy, not breathable, and may need break-in; not ideal for all-day wear or city-travel use"
ASICS EX89,https://runrepeat.com/asics-ex89,"timeless basketball-inspired design with modern FF Blast cushioning; lots of padding, strong outsole durability, and excellent grip for the price",mix of leather and synthetic materials means it is less premium than some all-leather alternatives
Adidas Ozelia,https://runrepeat.com/adidas-ozelia,"affordable yet highly durable, chunky yet light on foot, with a retro-futuristic vibe; good Yeezy-like alternative for buyers wanting a fashion-forward chunky sneaker",no strong verified downside captured from snippet
New Balance 996,https://runrepeat.com/new-balance-996,"comfortable smooth ride, breathable upper, authentic suede, durable construction, and easy day-to-day styling; good for people who want a classic lightweight New Balance with strong summer wearability",price is high for the package and support is lacking for overpronation; not ideal if you need motion-control help or a cheaper retro option
Nike Blazer Mid 77,https://runrepeat.com/nike-blazer-mid-77,"clean iconic style, durable build, easy outfit versatility, and decent step-in comfort with no real break-in pain; good for people who want a timeless vintage basketball look","fit runs narrow, putting the shoe on is awkward, and cushioning is too flat for all-day wear; not ideal for wide feet or long days of walking"
Nike Air Max SC,https://runrepeat.com/nike-air-max-sc,"comfortable right away with a soft Air unit, light weight, strong breathability, secure fit, and approachable pricing; good for people who want an easy everyday Air Max for casual wear",outsole durability is lacking and it is not built for sports or harder use; not ideal if you want a tougher more performance-ready sneaker
Vans UltraRange EXO,https://runrepeat.com/vans-ultrarange-exo,"crazy lightweight feel, breathable athletic-style upper, easy sockless comfort, and a modern Vans look with more mobility than classic models; good for people who want a travel-friendly casual Vans",upper durability is questionable and weather protection is limited; not ideal if you need a hard-wearing skate shoe or something for bad weather
Jordan Legacy 312 Low,https://runrepeat.com/jordan-legacy-312-low,"durable easy-to-clean upper, padded interior, comfortable Air-Sole cushioning, and standout hybrid Jordan style; good for people who want a bold retro low-top with tougher materials than some other Jordan mashups",the build is chunky and heavy and the upper is not as breathable as it looks; not ideal if you want a light airy sneaker for long walks
Nike Air Max 270 React,https://runrepeat.com/nike-air-max-270-react,"super comfortable, lightweight, flexible, and true to size with a lively React-plus-Air ride and lots of color appeal; good for people who want a soft modern Nike lifestyle sneaker",breathability is only average and it leans more lifestyle than durable workhorse; not ideal if you want a rugged all-weather beater
Nike SB Vertebrae,https://runrepeat.com/nike-sb-vertebrae,"great board feel, strong foothold, flexible ride, durable toebox, grippy outsole, and affordable stylish skate look; good for skaters who want a controllable shoe with classic vibes",needs break-in and isn't the best all-day comfort option off the board; not ideal if you want instant plushness or maximum cushioning
New Balance 990 v4,https://runrepeat.com/new-balance-990-v4,"premium suede and craftsmanship, great arch support and stability, comfortable all-day feel, good traction, and useful breathability; good for people who want a supportive Made-in-USA dad shoe",price is above average and durability is not class-leading; not ideal if you are shopping on a budget or want the toughest possible beater
Nike Air Max Plus,https://runrepeat.com/nike-air-max-plus,incredibly comfortable and bouncy for all-day walking; supportive and stable with TPU arch; ever-trendy Air Max model with lots of colorways,rigid at first and may cause blisters or uncomfortable rubs during break-in
Adidas Superstar,https://runrepeat.com/adidas-superstar,"iconic shell-toe style, comfortable padded feel, flexible ride, roomy toe area, durable forefoot, and lots of colors at a fair price; good for buyers who want a timeless Adidas classic with better comfort than expected",needs some break-in and breathability is only average; not ideal for hot days or people who want instant softness
Vans Old Skool,https://runrepeat.com/vans-old-skool,"classic easy-to-style silhouette, comfortable fit, breathable canvas versions, and a durable outsole with great board feel; good for people who want an everyday skate classic",overall upper durability is not amazing by modern skate-shoe standards and lighter colors stain easily; not ideal if you want a plush high-tech beater
Adidas Stan Smith,https://runrepeat.com/adidas-stan-smith,"timeless clean design, easy outfit versatility, and leather that resists some stains and light weather better than canvas; good for people who want a simple classic leather sneaker",arch support is minimal and the upper can wear thin with abrasion; not ideal if you want plush support or the toughest leather construction
Vans Sk8-Hi,https://runrepeat.com/vans-sk8-hi,"breathable canvas build, close-to-ground board feel, and classic high-top Vans style that becomes comfortable after break-in; good for people who want a timeless skate-inspired high-top",support is minimal and weather protection is weak; not ideal if you want a plush walking shoe or something for rain and cold
On Cloud 5,https://runrepeat.com/on-cloud-5,"extremely lightweight, lively and comfortable for all-day wear, breathable, flexible, and easy to slip on; good for people who want a featherlight everyday sneaker that can also handle light workouts","it is not great for wide feet, durability is limited, and the outsole can catch pebbles; not ideal if you want a tougher or roomier shoe"
Salomon XT-6,https://runrepeat.com/salomon-xt-6,"grippy stable trail tooling, secure lacing, and a fashionable technical look with enough support for long days; good for people who want a rugged sneaker with true trail DNA","heavy, narrow, and not ideal as a road-race or mixed-surface casual runner; not ideal for wide feet or buyers wanting a lighter softer shoe"
Nike Air Max 270,https://runrepeat.com/nike-air-max-270,"all-day comfort, springy ride, low weight, and easy slip-on feel with trendy futuristic Air Max styling; good for people who want a breathable modern Nike for casual wear","upper durability is not great, fit is not wide-foot friendly, and wet-surface grip is lacking; not ideal for wide feet or slippery conditions"
Vans Authentic,https://runrepeat.com/vans-authentic,"eternal simple silhouette, breathable canvas upper, easy on-off feel, and classic casual appeal; good for people who want a lightweight laid-back Vans for everyday outfits","cushioning and support are minimal and canvas struggles in cold, wet, or dirty conditions; not ideal for long days on foot or bad weather"
Adidas Ultraboost 1.0,https://runrepeat.com/adidas-ultra-boost,"extremely breathable upper, comfortable sock-like fit, durable Continental outsole, and enough cushioning for daily wear with running-shoe DNA; good for people who want a stylish do-it-all Adidas with lots of comfort","it is heavy, forefoot cushioning is not amazing, and the price is steep; not ideal if you want a light budget sneaker or plush forefoot feel"